Vehicle_Count,Speed,Queue_Length,Moving_Average,Traffic_Level,Speed_Status,Queue_Status
42.483570765056164,47.157639951330886,9.171246487930429,,MODERATE,NORMAL,LOW
40.02286703066648,50.722533163743776,7.85269742042551,,MODERATE,NORMAL,LOW
44.666236792157584,39.63773808050318,6.819196258663986,,MODERATE,MODERATE,LOW
49.75538348190724,44.2500618395949,6.169433966874937,,MODERATE,NORMAL,LOW
41.680160413353484,42.62803218929615,7.648470689230202,,MODERATE,NORMAL,LOW
42.38860846006069,42.94147173369074,7.145262039852603,,MODERATE,NORMAL,LOW
52.16081793232479,40.18261374420219,9.614509129904182,,HIGH,NORMAL,LOW
48.80390691564107,40.20705096205028,8.5909296407101,,MODERATE,NORMAL,LOW
43.31728655495899,44.31624324509473,8.596698413882518,,MODERATE,NORMAL,LOW
49.07076002087655,40.23945964554775,6.290143580010346,45.43495983670031,MODERATE,NORMAL,LOW
44.72898283899294,44.62912476759128,9.344135557117593,45.65950104409398,MODERATE,NORMAL,LOW
45.39978253164595,43.4993400387411,7.205166589131691,46.197192594191925,MODERATE,NORMAL,LOW
49.61429415942638,41.87958231954418,11.592665869164488,46.69199833091881,MODERATE,NORMAL,MODERATE
39.50727274482773,42.40049082766827,4.547715275545023,45.667187257210855,MODERATE,NORMAL,LOW
41.1108693951511,42.99196865950723,9.638558015603163,45.61025815539062,MODERATE,NORMAL,LOW
47.577858728621436,45.37170899532191,7.532500376218511,46.12918318224669,MODERATE,NORMAL,LOW
45.970498108926094,45.01012703564162,5.592738709110018,45.51015119990682,MODERATE,NORMAL,LOW
53.24224044153073,38.75677415522166,7.018564398120967,45.95398455249579,HIGH,MODERATE,LOW
47.757706766982565,43.35857022454204,6.522961398658744,46.39802657369815,MODERATE,NORMAL,LOW
45.85309364428889,45.79088795904315,7.726295939447166,46.076259936039385,MODERATE,NORMAL,LOW
60.849099178578555,34.779509361991245,10.173035852857783,47.688271569997944,HIGH,MODERATE,MODERATE
52.98718033244321,43.383285494029,6.800677041989323,48.447011350077666,HIGH,NORMAL,LOW
55.03738682731473,39.25278201633378,8.206898839575242,48.9893206168665,HIGH,MODERATE,LOW
48.1476898656043,44.6748735393784,11.506694197064371,49.85336232894416,MODERATE,NORMAL,MODERATE
53.10873654075879,39.43303839518275,11.421396821315241,51.05314904350493,HIGH,MODERATE,MODERATE
56.9315603780123,35.35246360350337,9.41238139604991,51.98851920844402,HIGH,MODERATE,LOW
51.15490878117932,37.32864549105568,7.749243273513299,52.506960275669336,HIGH,MODERATE,LOW
59.30749295691414,40.31738160075561,9.136186596973642,53.113485527207686,HIGH,NORMAL,LOW
54.93070882289405,42.04649029944093,9.46664226889494,53.83078573279882,HIGH,NORMAL,LOW
56.96569400648738,38.045626623064926,6.499268970576296,54.942045769018684,HIGH,MODERATE,LOW
55.890851067521325,42.94306460945179,7.868874585281508,54.446220957912956,HIGH,NORMAL,LOW
68.620569405251,32.86029746188037,6.955917263032472,56.00955986519374,HIGH,MODERATE,LOW
59.73568437708108,39.867839509787785,9.75879890177272,56.479389620170366,HIGH,MODERATE,LOW
54.94244312027367,37.63134062064421,9.535758347446533,57.15886494563731,HIGH,MODERATE,LOW
64.75503561308079,36.855732773323325,8.746882417363372,58.32349485286951,HIGH,MODERATE,LOW
54.932556370342304,41.40905692136367,11.38785698213141,58.12359445210251,HIGH,NORMAL,MODERATE
62.45838445380392,36.80416379069716,6.917226342065906,59.25394201936497,HIGH,MODERATE,LOW
51.97552803651159,40.85245135818262,4.867579445057098,58.520745527324706,HIGH,NORMAL,LOW
55.4749872028507,44.15013162693065,8.770151717547549,58.57517336532038,HIGH,NORMAL,LOW
63.42420983607669,37.41327193241138,11.607828080635812,59.22102494827931,HIGH,MODERATE,MODERATE
66.43790572350515,40.89759990531914,13.333541241441509,60.275730413877696,HIGH,NORMAL,MODERATE
63.889516844807424,35.63850022482529,8.665659000983233,59.80262515783333,HIGH,MODERATE,LOW
62.722735737239454,40.90872859943599,11.56577202744851,60.10133029384917,HIGH,NORMAL,MODERATE
62.04474046964561,43.8135207445623,9.229694131445427,60.81156002878636,HIGH,NORMAL,LOW
56.387707400751815,33.488139649430174,8.112901510231131,59.974827207553474,HIGH,MODERATE,LOW
60.39174353219358,37.51137835054018,10.82608140480238,60.520745923738595,HIGH,MODERATE,MODERATE
61.87883481230949,41.26150767846425,10.586470978673262,60.46279095958916,HIGH,NORMAL,MODERATE
69.63896480242927,36.98112264126371,7.293060406395891,62.229134636180916,HIGH,MODERATE,LOW
66.22289118705578,39.55771482334998,12.886514377510156,63.30392503460142,HIGH,MODERATE,MODERATE
55.82104247289783,39.23278382162808,11.133339079229579,62.54360829828354,HIGH,MODERATE,MODERATE
66.36799675627707,38.66777017334943,8.704074110422502,62.536617401560726,HIGH,MODERATE,LOW
62.91329843746905,38.8046436844565,10.228601832495174,62.43899556082689,HIGH,MODERATE,MODERATE
61.52495764975622,43.12210677254036,10.21680402002891,62.319217752078565,HIGH,NORMAL,MODERATE
68.01847394953677,38.75864404251945,10.72411862407833,62.91659110006769,HIGH,MODERATE,MODERATE
70.14524077219652,38.47649779317648,9.421175808138637,64.29234443721215,HIGH,MODERATE,LOW
69.6563955989152,36.3502702019038,9.105212603961176,65.21880964388431,HIGH,MODERATE,LOW
60.79325245992443,38.338868212801415,9.067879727005774,65.11025140864581,HIGH,MODERATE,LOW
63.41222519587912,37.84926913757136,11.857291817900595,64.4875774479908,HIGH,MODERATE,MODERATE
66.56317850530878,39.5425618008077,11.07167708498518,64.5216061798161,HIGH,MODERATE,MODERATE
69.71283050844622,36.308838930427655,9.71569591209472,65.91078498337095,HIGH,MODERATE,LOW
62.34720503226908,40.28252331262197,10.89547817613705,65.50870581097014,HIGH,NORMAL,MODERATE
63.702555631274436,45.30056348811771,3.8582981034310144,65.58763153035068,HIGH,NORMAL,LOW
58.96684448868818,42.87166298812303,11.142558074047434,65.33182021424386,HIGH,NORMAL,MODERATE
58.36515765155153,39.4306399906086,5.275346090176528,64.36648858444536,HIGH,MODERATE,LOW
68.23661820768196,41.54448721457135,9.51061084834603,64.1756263279939,HIGH,NORMAL,LOW
70.76325503607512,36.084960121916566,8.375148466158981,64.28631227170989,HIGH,MODERATE,LOW
63.410494226906685,33.03300283773977,6.922211182594191,64.54803644840811,HIGH,MODERATE,LOW
68.55729605945994,34.83641705238281,12.60524798367603,65.06254353476619,HIGH,MODERATE,MODERATE
65.0976837118351,33.11320330896366,8.829250154151483,64.91599405541882,HIGH,MODERATE,LOW
59.79476628379314,38.99676797692779,9.662222706030402,63.92418763295351,HIGH,MODERATE,LOW
64.53941369818412,38.92040171302263,9.58707089696925,64.14340849954502,HIGH,MODERATE,LOW
70.11613328880455,42.50027861462471,11.471501647766924,64.78476626529803,HIGH,NORMAL,MODERATE
61.92202939375912,40.500274772852705,9.441948191184379,65.08028475580514,HIGH,NORMAL,LOW
69.58154646558046,36.947311797178294,7.871247521459929,66.20192363720801,HIGH,MODERATE,LOW
48.29901057096251,45.41346410080984,9.237385224538656,64.20816287353608,MODERATE,NORMAL,LOW
65.12919016675737,32.084296531286995,8.78186535869098,63.6447563866043,HIGH,MODERATE,LOW
61.05969678625744,40.44191947776134,6.045790720619114,63.409676642539374,HIGH,NORMAL,LOW
58.71737334316042,42.63325224587079,7.951375679542236,62.42568437090942,HIGH,NORMAL,LOW
60.242663824395315,35.50357530656164,12.03791915492792,61.940182382165446,HIGH,MODERATE,MODERATE
49.40131622380871,46.080933073668604,9.110640917798293,60.900837376167,MODERATE,NORMAL,LOW
57.78031621660389,41.570410168332266,7.969743163674866,60.224927628008984,HIGH,NORMAL,LOW
60.18834325687777,38.707050444078156,8.329736079894808,59.2321486248163,HIGH,MODERATE,LOW
65.30133371060029,40.57301217066878,9.151929954155277,59.57007905650041,HIGH,NORMAL,LOW
54.81497454838309,48.10833493631742,12.375742149379144,58.09342186478068,HIGH,NORMAL,MODERATE
52.84411149931283,42.33457089034728,8.69048762936003,58.54793195761571,HIGH,NORMAL,LOW
53.844264144742205,42.28359572271546,8.93672291609347,57.41943935541419,HIGH,NORMAL,LOW
60.38318128010986,38.52612198135181,11.118044100080162,57.351787804799436,HIGH,MODERATE,MODERATE
56.89014545008056,38.227930529085484,9.01110013556511,57.16906501549145,HIGH,MODERATE,LOW
52.025362907202556,44.4846667228321,7.285720144438977,56.34733492377218,HIGH,NORMAL,LOW
56.65629702140238,38.267674266922796,8.1057448550404,57.072833003531535,HIGH,MODERATE,LOW
53.9796423067563,41.71978813496911,7.953743827185317,56.69276561254678,HIGH,NORMAL,LOW
57.73075924820105,39.134337847654386,8.585169414210474,56.447007211679114,HIGH,MODERATE,LOW
48.76002884116719,44.24693226694738,8.769263413449039,54.79287672473581,MODERATE,NORMAL,LOW
50.00472770717889,43.49980438906612,7.604600927691432,54.311852040615385,MODERATE,NORMAL,LOW
49.04573792949354,45.85118535040031,8.82214084385519,53.932014683633454,MODERATE,NORMAL,LOW
43.042960103366795,42.70921077759406,6.295010855287854,52.85188427949591,MODERATE,NORMAL,LOW
51.1869353740887,41.39364135059771,7.835310686745486,51.932259688893794,HIGH,NORMAL,LOW
50.34948649545522,39.476337228789276,3.5560216052540667,51.278193793431264,MODERATE,MODERATE,LOW
48.40027103710993,41.56705246049419,9.092696004971453,50.915684606422,MODERATE,NORMAL,LOW
46.5254256785583,44.50054505949498,7.67179080357973,49.90259747213759,MODERATE,NORMAL,LOW
39.938881277606846,47.286245530534345,7.986852411360331,48.498521369222644,MODERATE,NORMAL,LOW
44.2241552754448,41.17746520860592,0.8411125349293416,47.147860971947026,MODERATE,NORMAL,LOW
43.92029134971014,46.628744922889446,10.764793112017976,46.663887222801314,MODERATE,NORMAL,MODERATE
40.924360869564,48.835823359023856,5.859474874124253,45.75585053903983,MODERATE,NORMAL,LOW
43.42717303335614,45.38351145133206,8.730441588478454,45.19399404942609,MODERATE,NORMAL,LOW
45.54825448556937,49.24332381628186,4.7524263185843445,45.44452348764635,MODERATE,NORMAL,LOW
52.25044851310838,39.616020274412186,9.063115087091397,45.55087480154832,HIGH,MODERATE,LOW
42.9816253851754,40.5206295437719,4.340412681428997,44.814088690520336,MODERATE,NORMAL,LOW
42.68398428828561,38.99284318121576,5.155059721851231,44.2424600156379,MODERATE,MODERATE,LOW
40.31035906553291,49.410543168084324,9.874616567563507,43.620953354335356,MODERATE,NORMAL,LOW
30.374531700245363,49.36946404400083,4.1748149535101104,42.66451839659921,MODERATE,NORMAL,LOW
39.1216433360124,45.052835153265534,6.303112246761305,42.15426720265597,MODERATE,NORMAL,LOW
38.841797464015634,46.12945651295556,7.5664050809798535,41.64641781408652,MODERATE,NORMAL,LOW
50.14448190579927,39.08741238165506,8.5130360618151,42.56842991771005,MODERATE,MODERATE,LOW
36.15586416765122,53.298289896937675,5.724217435434835,41.841299031139556,MODERATE,NORMAL,LOW
37.91715611462261,45.90837451727003,6.417495422125842,41.078189194044874,MODERATE,NORMAL,LOW
35.53054185263952,46.4455489206548,10.136412448372479,39.406198527997994,MODERATE,NORMAL,MODERATE
29.158898429294577,49.88757526437244,4.258597170327016,38.02392583240991,LOW,NORMAL,LOW
40.018670093060365,46.43836017194505,6.40499860738899,37.757394412887386,MODERATE,NORMAL,LOW
37.37113761276309,46.32886766964662,7.706979433929687,37.463472267610406,MODERATE,NORMAL,LOW
36.87876338315884,43.408885787874354,7.742866373389794,38.113895435901746,MODERATE,NORMAL,LOW
27.6945738297089,49.49076161398076,6.528246685577095,36.971188485271405,LOW,NORMAL,LOW
38.5797231435897,51.00114270352767,7.064418915596825,36.94498105322881,MODERATE,NORMAL,LOW
23.887621392556703,53.06435479032576,1.2971333834225383,34.31929500190456,LOW,NORMAL,LOW
33.16971790867958,51.48713040274829,8.242320750904128,34.020680376007384,MODERATE,NORMAL,LOW
40.5342368352124,43.332793761903346,3.787444739244483,34.28238844806637,MODERATE,NORMAL,LOW
23.98430729197525,46.03510871623045,4.202917024274353,33.12776499199994,LOW,NORMAL,LOW
25.46956089619698,48.25524901565181,2.3118824343908315,32.758831238690185,LOW,NORMAL,LOW
28.17291651021526,48.123945609312266,4.097660783346304,31.574255880405673,LOW,NORMAL,LOW
24.540952372623106,52.147336462257066,4.338667676500426,30.291237356391672,LOW,NORMAL,LOW
18.699248355684205,45.24779402193449,3.447601684253177,28.47328585364421,LOW,NORMAL,LOW
26.200673630749566,53.03848255069445,4.773942553083004,28.323895833748274,LOW,NORMAL,LOW
19.963177253564105,49.535181990872005,6.22189912615191,26.462241244745712,LOW,NORMAL,LOW
27.07151487960794,46.95147807025575,4.9677958349691504,26.780630593450837,LOW,NORMAL,LOW
19.54777450580835,47.07674324776741,2.4438529052899547,25.418436253163716,LOW,NORMAL,LOW
31.34885271446661,42.19821680578604,6.630502243746705,24.499897841089137,MODERATE,NORMAL,LOW
19.150586753273952,52.68186506356726,5.251528990840374,24.016525787219006,LOW,NORMAL,LOW
20.938040196157388,49.98544385252587,0.6854903991496233,23.56337371721505,LOW,NORMAL,LOW
26.11167370387118,44.60219887480904,5.111551195280393,23.357249436580638,LOW,NORMAL,LOW
15.400162765241618,47.26472299249875,3.7123698994080394,22.443170475842493,LOW,NORMAL,LOW
22.21723729032244,48.43833657954901,2.737458586828382,22.794969369306315,LOW,NORMAL,LOW
27.15654855683996,53.21792743665819,6.824895910149233,22.890556861915353,LOW,NORMAL,LOW
12.140134431310885,51.18619233808146,1.5209089906315791,22.108252579690035,LOW,NORMAL,LOW
20.673616206052746,45.32216708913249,3.352195337850996,21.468462712334514,LOW,NORMAL,LOW
20.63928631684916,49.10294922852987,2.7497492989596344,21.577613893438595,LOW,NORMAL,LOW
22.855276399763905,48.46801019081601,3.4594495551275206,20.728256261968323,LOW,NORMAL,LOW
12.384883819115819,43.81311911639633,0.0,20.051685968552512,LOW,NORMAL,LOW
11.608322624238912,51.93503474438683,0.0,19.11871421136066,LOW,NORMAL,LOW
20.47906788457555,49.187429438230076,6.260870309136276,18.5554536294311,LOW,NORMAL,LOW
19.031102389078576,52.33084349717061,1.1607426617251306,18.918547591814797,LOW,NORMAL,LOW
18.493790643959816,55.923420623846084,0.7912838976813579,18.546202927178534,LOW,NORMAL,LOW
18.687292054290893,53.707872075070554,0.0,17.699277276923628,LOW,NORMAL,LOW
13.287462937042001,50.87146819407501,0.7151959451772956,17.814010127496736,LOW,NORMAL,LOW
17.600419815904445,47.280317319798876,0.0,17.506690488481908,LOW,NORMAL,LOW
17.6753105192555,58.301251779935704,5.935326898161064,17.210292908722543,LOW,NORMAL,LOW
12.428407014697346,52.070553548369126,3.8838952308898698,16.167605970215885,LOW,NORMAL,LOW
25.138842982658993,48.757077130074094,2.394525757043401,17.443001886570205,LOW,NORMAL,LOW
18.0086869732227,50.42545299536432,7.206174656672022,18.08303832146858,LOW,NORMAL,LOW
9.53244157580853,53.21114388835144,3.3933972103544683,16.98837569059188,LOW,NORMAL,LOW
18.641171450039373,49.90662590171833,2.1465129504886606,16.94938259668796,LOW,NORMAL,LOW
10.374553621467506,50.68537557399242,0.0,16.13745889443873,LOW,NORMAL,LOW
19.09314792787565,48.586136194309915,7.445857334362831,16.178044481797205,LOW,NORMAL,LOW
20.880743769483058,49.68155424698124,0.35296663189526667,16.937372565041308,LOW,NORMAL,LOW
10.934730382224723,50.636043091042524,0.0,16.270803621673338,LOW,NORMAL,LOW
19.825774360547538,47.905019061831624,5.019007018101411,16.48585000580254,LOW,NORMAL,LOW
17.06394960466265,51.05330328191003,7.439097253377943,16.94940426479907,LOW,NORMAL,LOW
19.121903763891805,49.45459240676448,5.6368312016048066,16.34771034292235,LOW,NORMAL,LOW
24.527523174957985,53.380098172008566,4.806946716348417,16.999593963095883,LOW,NORMAL,LOW
13.868944199089631,43.57985452504855,3.2698503131940164,17.43324422542399,LOW,NORMAL,LOW
11.399858981760431,55.424555810327284,3.4168099648246804,16.709112978596096,LOW,NORMAL,LOW
10.813891880702883,56.03478260731716,3.1399409616789624,16.753046804519634,LOW,NORMAL,LOW
11.295530178774388,45.95594675808196,2.25671237475491,15.973285029609508,LOW,NORMAL,LOW
15.122291646194748,50.19136430621027,2.476745954832964,15.397439817280679,LOW,NORMAL,LOW
17.36677092943343,49.54398466965427,2.4798293836159693,16.040643872001546,LOW,NORMAL,LOW
17.217543124922926,46.4730791346158,1.0747022910050863,15.779820748439088,LOW,NORMAL,LOW
20.162809378601658,47.62584759257696,2.4630712530567003,16.08970672583299,LOW,NORMAL,LOW
16.304275149867824,47.592203676135554,0.0,15.80794386443059,LOW,NORMAL,LOW
23.738703831670215,54.322135372353316,3.3641263211610326,15.729061930101812,LOW,NORMAL,LOW
15.398723048150373,53.95735441740479,0.33262624292072074,15.882039815007886,LOW,NORMAL,LOW
30.592827966187073,51.1664582934357,2.381745560496519,17.801336713450553,MODERATE,NORMAL,LOW
20.409074568708206,52.062747549952654,3.421149487613188,18.760854982251082,LOW,NORMAL,LOW
13.302250819290144,48.28728198152577,4.77934219558272,18.96152704630266,LOW,NORMAL,LOW
12.55917111669061,50.286646421988024,3.7205088795082175,18.705214993352246,LOW,NORMAL,LOW
20.66961914921221,51.3007188963807,0.0,19.035499815330123,LOW,NORMAL,LOW
17.50131458287252,46.95828792760604,0.6459409142902028,19.063876961125082,LOW,NORMAL,LOW
22.567455409949368,51.497131438029825,5.266660687468837,19.304341564259854,LOW,NORMAL,LOW
21.759609262429223,48.83912148991829,1.2989666022877642,19.849874975515995,LOW,NORMAL,LOW
19.442065329076666,49.015021245082046,2.4670434993674504,19.420211125256635,LOW,NORMAL,LOW
16.001513660057554,53.13250148959609,3.500331247057737,19.48049018644736,LOW,NORMAL,LOW
13.106651687670997,53.05612701254037,0.029308843423378805,17.73187255859575,LOW,NORMAL,LOW
18.909488242485818,49.18972944192131,3.0471742486647924,17.58191392597351,LOW,NORMAL,LOW
25.900625353243967,52.00283307178175,1.217042813150186,18.841751379368894,LOW,NORMAL,LOW
23.1806726592214,45.96164185239496,2.274365610980783,19.903901533621973,LOW,NORMAL,LOW
16.387685523669816,52.75088543991534,3.0977166968355463,19.475708171067733,LOW,NORMAL,LOW
24.002649270496654,50.77864145628099,0.4144099235111596,20.125841639830146,LOW,NORMAL,LOW
25.597461750205916,47.67199524450655,4.720568738451685,20.4288422738558,LOW,NORMAL,LOW
19.799046872186295,51.02863734867978,2.930581432974582,20.23278603483151,LOW,NORMAL,LOW
25.547300900789278,44.85983404564677,4.937075043952687,20.843309592002772,LOW,NORMAL,LOW
25.642485007033017,51.361459805862445,4.294201019184275,21.807406726700314,LOW,NORMAL,LOW
20.221313162951876,49.38996529993307,5.76147783439047,22.5188728742284,LOW,NORMAL,LOW
28.32130459208751,46.351504790421004,4.498644694108941,23.460054509188573,LOW,NORMAL,LOW
29.943486798035817,50.661155978001716,3.632711937454866,23.86434065366776,MODERATE,NORMAL,LOW
33.172514358734304,44.593840338688146,5.2204721598747135,24.86352482361905,MODERATE,NORMAL,LOW
33.65395577483058,42.36112716720167,6.134689424297362,26.590151848735125,MODERATE,NORMAL,LOW
22.13376707880515,44.796670709727,3.417785202472181,26.403263629565977,LOW,NORMAL,LOW
24.97911805299587,50.57325034078796,3.8280510903571447,26.341429259844972,LOW,NORMAL,LOW
32.897982436004625,42.93421633351,3.530713989787183,27.651322816226802,MODERATE,NORMAL,LOW
33.554197914651326,51.87583306729026,3.707327852095802,28.452012517613007,MODERATE,NORMAL,LOW
34.230327115920524,40.1966299973687,2.329338523788691,29.310796728501753,MODERATE,NORMAL,LOW
51.59537837106595,47.19052451210363,11.23846024203377,32.44820324931317,HIGH,NORMAL,MODERATE
35.86906509849268,46.665786126984685,2.892633293991332,33.20297929995368,MODERATE,NORMAL,LOW
39.38103434236557,44.864602078797425,4.52134475576302,34.14673405438666,MODERATE,NORMAL,LOW
39.166948445582165,43.57350562817761,4.43822773569893,34.74617746307145,MODERATE,NORMAL,LOW
38.35220298698989,46.60935759630874,7.542679201937366,35.216002184287376,MODERATE,NORMAL,LOW
34.22121121745856,46.33179308836081,4.543282326034729,36.424746598152716,MODERATE,NORMAL,LOW
40.29814458531515,48.235369499720775,8.54020583314474,37.95664925138464,MODERATE,NORMAL,LOW
33.34776770839254,47.00574101888798,3.655183907771143,38.00162777862344,MODERATE,NORMAL,LOW
36.738671895862545,46.266237310419996,6.068789108826985,38.32007517674456,MODERATE,NORMAL,LOW
36.208513925646834,44.857034881946724,3.76058298232751,38.51789385771719,MODERATE,NORMAL,LOW
39.75838303613997,44.8895673698018,10.254055710967773,37.33419432422458,MODERATE,NORMAL,MODERATE
51.63651722934058,43.01427599934103,5.370280746342061,38.910939537309375,HIGH,NORMAL,LOW
31.441058881538076,42.0092301016456,5.335800252684766,38.116941991226625,MODERATE,NORMAL,LOW
44.92221168818898,39.72489081163562,8.005885515092544,38.69246831548732,MODERATE,MODERATE,LOW
34.13964028499055,48.69488221082051,5.9485442376515785,38.271212045287385,MODERATE,NORMAL,LOW
40.55407079231517,45.374078616305034,5.71253530109186,38.90449800277304,MODERATE,NORMAL,LOW
49.06661519302373,42.18139619268603,7.100350879486706,39.781345063543895,MODERATE,NORMAL,LOW
44.64843796950329,43.89319230682036,6.784888639383713,40.911412089654974,MODERATE,NORMAL,LOW
39.63995761468733,46.132755712413186,5.651989638946123,41.20154066153745,MODERATE,NORMAL,LOW
42.149701821463154,42.84329550370612,8.250213506809292,41.79565945111908,MODERATE,NORMAL,LOW
49.81707382824137,40.21081736673272,11.893607077418908,42.80152853032922,MODERATE,NORMAL,MODERATE
43.45487692778895,44.72381653334581,5.403247969152676,41.98336450017406,MODERATE,NORMAL,LOW
48.87082703574433,39.847174908218825,4.591018096203493,43.72634131559469,MODERATE,MODERATE,LOW
48.69185973430722,44.05179333356661,7.127214863443573,44.10330612020651,MODERATE,NORMAL,LOW
45.87455632553471,38.4236101059028,12.040602124138843,45.27679772426092,MODERATE,MODERATE,MODERATE
60.51338139666565,42.95912156281052,7.469658073560385,47.27272878469598,HIGH,NORMAL,LOW
53.616364666689826,43.01370128056667,11.320688310891608,47.72770373206258,HIGH,NORMAL,MODERATE
40.96563783184404,45.52667974498061,9.500247302929488,47.359423718296654,MODERATE,NORMAL,LOW
52.65915000103438,44.783285451577946,6.791696016739167,48.661342956931364,HIGH,NORMAL,LOW
49.04390145462327,47.735447969731915,8.49455137656404,49.35076292024738,MODERATE,NORMAL,LOW
57.230872543746734,43.73539205911771,11.841424127819085,50.09214279179791,HIGH,NORMAL,MODERATE
49.611388290397315,37.07453023340574,6.683452761584623,50.70779392805875,MODERATE,MODERATE,LOW
53.59451583201594,37.762640141788914,7.632016654597667,51.1801628076859,HIGH,MODERATE,LOW
57.27577540186469,38.80660041644679,7.428004482382415,52.03855437444165,HIGH,MODERATE,LOW
59.65021526332227,40.16571933480193,6.918018828112607,53.41612026822041,HIGH,NORMAL,LOW
49.87805109613384,44.08346428737391,6.183152574288061,52.352587238167224,MODERATE,NORMAL,LOW
54.75215878876499,39.13472886334836,5.764943284790235,52.466166650374745,HIGH,MODERATE,LOW
54.5816632710287,41.91488447567406,8.255416427172756,53.82776919429322,HIGH,NORMAL,LOW
54.20762751355333,39.1819443245517,6.591197664915715,53.98261694554511,HIGH,MODERATE,LOW
66.80516498457278,36.46415534488096,10.488346571267414,55.75874329854006,HIGH,MODERATE,MODERATE
60.49174761138649,35.657079806608714,5.961970849300718,56.08483080530404,HIGH,MODERATE,LOW
52.636290613142776,39.0712276083816,8.55720405640033,56.38732103757858,HIGH,MODERATE,LOW
63.9884306957272,34.947838509219196,11.265322527576929,57.42671252394971,HIGH,MODERATE,MODERATE
70.45247758129199,34.45926084574501,6.580400352050887,58.74438274189244,HIGH,MODERATE,LOW
65.43040233324359,41.80332480651262,10.562673489681682,59.32240144888457,HIGH,NORMAL,MODERATE
53.0810613922933,38.881537985430846,10.41749719379058,59.64270247850052,HIGH,MODERATE,MODERATE
58.64969727004254,48.23472187700154,6.378172553123969,60.032456326628264,HIGH,NORMAL,LOW
67.78118025442876,39.53465863903548,13.512321811839719,61.352408024968284,HIGH,MODERATE,MODERATE
58.266527796895716,40.98787642186069,9.578017188266447,61.75829805330252,HIGH,NORMAL,LOW
64.36442419499798,36.333820610706866,8.24463991773288,61.51422397434503,HIGH,MODERATE,LOW
66.34087266243736,40.51571147261763,9.839592744050192,62.099136479450124,HIGH,NORMAL,LOW
58.13708564452877,38.73881511015448,9.837216671722759,62.649215982588714,HIGH,MODERATE,LOW
62.75955891989441,39.676139713962485,9.565944620808983,62.526328805005434,HIGH,MODERATE,LOW
47.11747578562036,50.9008846684013,8.145133352735792,60.19282862543828,MODERATE,NORMAL,LOW
58.4494625133217,40.099454672495625,6.926072190839522,59.49473464344609,HIGH,NORMAL,LOW
62.53690754622459,42.81359309230088,9.719257780005844,60.44031925883921,HIGH,NORMAL,LOW
57.76975293222318,38.44803249156654,5.838033946023517,60.35232482505728,HIGH,MODERATE,LOW
72.36004832044533,36.80502244839778,10.631555125369397,60.81021163165893,HIGH,MODERATE,MODERATE
57.21685575076562,46.00818796921513,6.774713079685263,60.70524442704592,HIGH,NORMAL,LOW
62.31702051214845,37.53984369859958,7.876493191642734,60.500504058760974,HIGH,MODERATE,LOW
65.30061342271914,44.112192318310996,12.267278363828746,60.39647813478915,HIGH,NORMAL,MODERATE
71.96282601397145,39.13254930287357,12.977044143284255,61.779052171733426,HIGH,MODERATE,MODERATE
57.66648986509458,38.895977206043554,9.868249721578541,61.26974526625344,HIGH,MODERATE,LOW
70.7306795276061,39.21455333526504,8.424976399795757,63.631065640452015,HIGH,MODERATE,LOW
65.01474893946306,41.663976114014424,9.119395441529853,64.28759428306616,HIGH,NORMAL,LOW
60.08438619728972,41.84433333732916,11.438853329551824,64.04234214817265,HIGH,NORMAL,MODERATE
67.31039245477137,33.461727726635786,10.379992695495515,64.99640610042749,HIGH,MODERATE,MODERATE
65.98271251922102,36.322910342720135,14.536065957846542,64.35867252030505,HIGH,MODERATE,MODERATE
61.95347211201873,38.7690760653408,10.079656495591552,64.83233415643036,HIGH,MODERATE,MODERATE
65.25033969844213,38.464114788089326,10.171649187746382,65.12566607505974,HIGH,MODERATE,MODERATE
62.90120783192249,41.13671433467142,8.81694824638337,64.88572551598006,HIGH,NORMAL,LOW
65.30154289184078,39.20771727983957,10.06231324334068,64.219597203767,HIGH,MODERATE,MODERATE
67.93060027641705,34.011316854765425,9.884650368701468,65.24600824489926,HIGH,MODERATE,LOW
72.41592517409397,38.0366122594944,12.278606129491276,65.41453280954804,HIGH,MODERATE,MODERATE
58.14267070680042,42.29608955915136,10.634805239609232,64.72732498628177,HIGH,NORMAL,MODERATE
74.82296088135489,37.973631123454396,9.651465211187332,66.2011824546883,HIGH,MODERATE,LOW
54.20368151093426,44.69142179893031,5.468086319524583,64.89051136030457,HIGH,NORMAL,LOW
62.99196031723747,41.75377638433734,5.776383301379028,64.59143614010623,HIGH,NORMAL,LOW
66.4598499494172,39.762577750331005,10.984960146237668,65.04207392384608,HIGH,MODERATE,MODERATE
64.67140410344955,38.62165183976167,7.493977403169684,64.98418036434681,HIGH,MODERATE,LOW
59.882136289323704,35.046583127121096,4.676539257493589,64.68227321008693,HIGH,MODERATE,LOW
61.66544109122962,40.872494384590354,10.02697337274637,64.31866303002582,HIGH,NORMAL,MODERATE
59.93293183226572,40.6398301034229,13.97593880970544,63.51889618561067,HIGH,NORMAL,MODERATE
59.12471409735999,41.03355798724612,8.85656529152421,62.189775077937284,HIGH,NORMAL,LOW
65.97513338741526,34.675970925685256,11.57325155701557,62.97302134599877,HIGH,MODERATE,MODERATE
63.15005013203225,35.96931784576715,9.636166236899967,61.8057302710665,HIGH,MODERATE,LOW
57.520834918174295,43.779249830455136,8.430345931343858,62.13744561179051,HIGH,NORMAL,LOW
65.08666270443987,38.60966886232006,11.601152371641518,62.346915850510754,HIGH,MODERATE,MODERATE
61.711635435655964,41.61659323320388,8.676196226971092,61.87209439913462,HIGH,NORMAL,LOW
63.80945454954026,39.13259149100632,10.106202810574844,61.78589944374369,HIGH,MODERATE,MODERATE
62.447176900640294,39.47747419332716,10.01047214748807,62.042403504875345,HIGH,MODERATE,MODERATE
54.69219313138058,44.141803135082846,6.867648062420988,61.34507870889045,HIGH,NORMAL,LOW
55.559022245867986,39.56211025388088,10.317938035953244,60.90768775025068,HIGH,MODERATE,MODERATE
61.60416805699946,39.88732031657308,8.8907056951591,61.15563314621463,HIGH,MODERATE,LOW
60.41273905771372,38.50998936945644,7.550420539671368,60.59939371324447,HIGH,MODERATE,LOW
56.73539627070531,39.51266225002673,9.583329127746604,59.95792832711178,HIGH,MODERATE,LOW
56.89181174158023,39.849530694199025,6.73683579765496,59.89502600945237,HIGH,MODERATE,LOW
62.14546044713391,40.13003620311766,9.378181381808343,59.600905783721785,HIGH,NORMAL,LOW
52.23837807403879,40.50415961649987,7.8175187178174115,58.653580047560055,HIGH,NORMAL,LOW
57.35841672814423,44.42766419468451,10.77555364088479,58.00847626542045,HIGH,NORMAL,MODERATE
53.026725090655994,39.059496820677495,8.903405229358304,57.06643108442203,HIGH,MODERATE,LOW
52.352582309315466,41.351239490187055,7.802833428907032,56.83247000221551,HIGH,NORMAL,LOW
58.32720106903616,39.099006557918436,10.384612758755997,57.10928788453232,HIGH,MODERATE,MODERATE
56.34225157334769,45.25537075972428,11.23175283403678,56.58309623616715,HIGH,NORMAL,MODERATE
55.65460013883064,41.67601429482707,9.46381063352832,56.107282344278836,HIGH,NORMAL,LOW
57.47686995053292,43.72631613077267,8.642235732266698,56.181429712261604,HIGH,NORMAL,LOW
50.40798133920771,37.941323546087155,4.937524736180837,55.533046672024355,MODERATE,MODERATE,LOW
53.05780319460273,42.53669999895709,5.828443153039664,54.62428094677123,HIGH,NORMAL,LOW
47.43390534834514,45.810416049784024,6.504636393542436,54.14383367420187,MODERATE,NORMAL,LOW
49.935937296810835,42.762867643623565,6.271366190203058,53.40158573106853,MODERATE,NORMAL,LOW
46.98746928607921,46.44957380367625,6.67417778694099,52.79766015061085,MODERATE,NORMAL,LOW
47.440008577885195,41.58813250522759,7.229301136476993,52.30640277746782,MODERATE,NORMAL,LOW
49.241980886837005,46.917547098847486,8.445682641739012,51.397880759247904,MODERATE,NORMAL,LOW
41.48114443633883,51.52640826177304,6.081174109332642,49.91177004554702,MODERATE,NORMAL,LOW
55.33568785946207,40.07756235381551,9.273356466571714,49.87987881761016,HIGH,NORMAL,LOW
39.14118990007105,43.87819496077992,6.000127314630897,48.04631081256398,MODERATE,NORMAL,LOW
37.39445417787596,50.011539886884115,1.6582349939736512,46.74495809643081,MODERATE,NORMAL,LOW
48.547243340289064,47.60190560211987,5.403415713405851,46.29390211099943,MODERATE,NORMAL,LOW
46.004043968313816,41.93040892646174,6.6124314838038405,46.1509159729963,MODERATE,NORMAL,LOW
44.45370123899119,42.62601423896463,4.2486657001664625,45.60269236721434,MODERATE,NORMAL,LOW
43.76111318265534,43.21436787775464,7.76402443739071,45.28005675687195,MODERATE,NORMAL,LOW
39.84392966817033,41.00566604985458,9.038091114912945,44.52044886590046,MODERATE,NORMAL,LOW
34.70474698330492,43.567857414721175,7.643235750890371,43.06672547554726,MODERATE,NORMAL,LOW
38.856557287891505,42.273438377770916,5.401597851323309,42.804266760702525,MODERATE,NORMAL,LOW
34.37948433998932,44.10173621969029,8.1383749246983,40.70864640875525,MODERATE,NORMAL,LOW
41.9304740918662,44.41332681487311,6.586906028184153,40.987574827934765,MODERATE,NORMAL,LOW
35.61157506427561,46.799750431540666,4.667564317405263,40.80928691657473,MODERATE,NORMAL,LOW
31.51434448546295,51.77291535707649,3.5003463457375625,39.10599703109212,MODERATE,NORMAL,LOW
33.33342720619936,43.671581076233785,4.395074707953647,37.838935354880675,MODERATE,NORMAL,LOW
36.30766967120899,48.8760497776275,4.669796813598891,37.02433219810245,MODERATE,NORMAL,LOW
30.73174488320122,46.675097246523165,4.950594177231158,35.72139536815705,MODERATE,NORMAL,LOW
28.7518855646275,47.66363747988582,4.633930796793854,34.61219095780275,LOW,NORMAL,LOW
33.39986923145142,48.674491168636955,5.016072425024541,34.48170318261741,MODERATE,NORMAL,LOW
32.73109373042696,43.44906050270637,5.783540399056744,33.869156826870956,MODERATE,NORMAL,LOW
28.30330589184614,49.07140276559061,6.626788433349604,33.26153898205664,LOW,NORMAL,LOW
27.822069791558764,48.54383917674948,6.072418739616461,31.850698552025893,LOW,NORMAL,LOW
30.684768574109608,48.806161648497046,1.6329193492166336,31.35801790300929,MODERATE,NORMAL,LOW
21.639905578946106,50.45752953698693,0.0,30.37057401235761,LOW,NORMAL,LOW
21.207893480023564,57.06392704972679,5.049823844482082,29.158020639740027,LOW,NORMAL,LOW
24.027471403382613,47.0799121964004,0.8703633136765494,27.93000081295739,LOW,NORMAL,LOW
25.93704259479583,46.92274848629559,3.4410255854340073,27.450530584116855,LOW,NORMAL,LOW
27.95401005575578,46.14207590678676,1.852875456244648,27.37074303322968,LOW,NORMAL,LOW
33.182548903325376,45.0379314166879,1.3734214603387667,27.34901100041707,MODERATE,NORMAL,LOW
29.511947865492367,45.70985165170735,5.5097176362334315,27.02709641392362,MODERATE,NORMAL,LOW
23.85390053676079,52.60357445913246,5.096395401119412,26.58215587841508,LOW,NORMAL,LOW
24.000982410991625,53.26126714122165,2.4471265601953047,26.200047140358368,LOW,NORMAL,LOW
18.538868813429694,48.65304391539414,0.0,24.985457164290374,LOW,NORMAL,LOW
22.927828563545404,46.770976139800965,2.3466853880268452,25.1142494627503,LOW,NORMAL,LOW
21.05983961556075,51.149286765269025,3.9425839531392053,25.099444076304025,LOW,NORMAL,LOW
23.613746363778752,47.4398942762124,0.5842388170185551,25.05807157234364,LOW,NORMAL,LOW
17.37571234889996,52.55486736604154,2.973076691893305,24.20193854775405,LOW,NORMAL,LOW
23.63540446919293,49.69991794525566,3.5146909720329487,23.770077989097764,LOW,NORMAL,LOW
28.24464887657104,43.39160543586554,5.395280330687833,23.27628798642233,LOW,NORMAL,LOW
19.5952871866824,54.74369380731958,3.1784538148306662,22.284621918541337,LOW,NORMAL,LOW
21.72199204342122,54.957135008431266,1.3121609247500718,22.071431069207378,LOW,NORMAL,LOW
22.75505823141422,47.47286937069329,5.8064017380411155,21.946838651249635,LOW,NORMAL,LOW
16.906034021849216,49.61038681472974,2.2188459572234422,21.78355517209159,LOW,NORMAL,LOW
19.657610310267945,50.94319359460773,2.894032467520328,21.45653334676384,LOW,NORMAL,LOW
18.24264092880152,51.4427101377607,0.8698602211738358,21.17481347808792,LOW,NORMAL,LOW
18.32840173661128,52.39353238386567,1.8626957581086712,20.64627901537117,LOW,NORMAL,LOW
13.653403191577102,57.617262818404775,0.27840505068276333,20.274048099638886,LOW,NORMAL,LOW
17.337784884706874,50.13471209634113,2.254775612859185,19.644286141190282,LOW,NORMAL,LOW
19.420605915907082,47.74995678740787,6.336507847670749,18.761881845123888,LOW,NORMAL,LOW
23.920543815320322,44.88190636212634,0.8442792864353357,19.194407507987677,LOW,NORMAL,LOW
21.214439049428293,47.50360011781717,0.0,19.143652208588385,LOW,NORMAL,LOW
26.956505582615335,48.161492685724774,6.985816492379517,19.5637969437085,LOW,NORMAL,LOW
12.145798784886058,57.34722389433185,1.4032224634291763,19.08777342001218,LOW,NORMAL,LOW
20.155687846058925,48.408244141376755,1.6852076995890053,19.13758117359128,LOW,NORMAL,LOW
16.542101340987898,51.535838519669724,4.561124575940338,18.967527214809916,LOW,NORMAL,LOW
26.42560891442607,48.344329083175225,2.7526102576901823,19.777247932591397,LOW,NORMAL,LOW
11.306323502532639,55.738598944711086,5.347967952473768,19.542539963686952,LOW,NORMAL,LOW
11.040549263127799,59.82065996183892,3.011934132147708,18.912816401529042,LOW,NORMAL,LOW
12.15375034840082,50.36895609413883,0.8472397359687176,18.186130844778415,LOW,NORMAL,LOW
5.0,52.28168167244533,5.064616426531007,16.294076463246384,LOW,NORMAL,LOW
12.405955563977702,55.03099374021279,0.6494634885899784,15.413228114701322,LOW,NORMAL,LOW
11.21162403326472,54.24276846056276,3.165934349008322,13.838739959766263,LOW,NORMAL,LOW
15.75221376861345,56.60206853505474,2.961417226105001,14.199381458139001,LOW,NORMAL,LOW
16.72238878545736,52.57118735961355,5.1118408966162,13.856051552078844,LOW,NORMAL,LOW
24.428222839427022,47.81506801778207,6.787255819367759,14.644663701922758,LOW,NORMAL,LOW
19.85361568039667,51.80856057197776,3.042050650191033,13.987464378519817,LOW,NORMAL,LOW
12.291429983624962,55.25325324584248,0.33687875685137736,14.085975026629049,LOW,NORMAL,LOW
10.778589831194738,54.7667990857934,2.5367327605574435,14.059779083435746,LOW,NORMAL,LOW
17.845159811950253,52.06053214033433,1.3213432322883256,14.628920029790688,LOW,NORMAL,LOW
8.919390736113854,55.970176384739,5.364683105470324,15.020859103402074,LOW,NORMAL,LOW
24.832825276884783,52.29968045211582,3.997994453698192,16.263546074692783,LOW,NORMAL,LOW
21.74756208587799,53.709586451643084,2.531491210257481,17.317139879954105,LOW,NORMAL,LOW
13.699025905981973,53.52137318627343,2.424214497627113,17.11182109369096,LOW,NORMAL,LOW
7.693328055309113,52.57531374522216,0.0,16.208915020676137,LOW,NORMAL,LOW
23.261838195080585,49.62468151052982,1.5460476522407847,16.092276556241494,LOW,NORMAL,LOW
16.17244123133187,54.5764165916921,4.826694000588631,15.724159111335013,LOW,NORMAL,LOW
23.205868418250414,46.747725882475685,2.16709170479477,16.81560295479756,LOW,NORMAL,LOW
9.33505549556699,53.77225605272696,0.0,16.67124952123478,LOW,NORMAL,LOW
14.619249085537229,50.16517129163361,3.2661928678851564,16.34865844859348,LOW,NORMAL,LOW
17.969544418340597,50.593848364219305,5.066839972077084,17.253673816816153,LOW,NORMAL,LOW
18.52343483141866,54.20449687996723,4.216421846042932,16.622734772269546,LOW,NORMAL,LOW
16.40113288984561,51.473013981598314,4.452265305088474,16.088091852666302,LOW,NORMAL,LOW
22.14606448751245,49.60279352259033,1.8083194959879458,16.932795710819352,LOW,NORMAL,LOW
14.091182978869307,47.397635832342914,0.0,17.57258120317537,LOW,NORMAL,LOW
19.131649278678182,52.455848378412114,5.872414695712701,17.159562311535133,LOW,NORMAL,LOW
20.87573956862915,51.71751765126594,2.486001257610101,17.629892145264858,LOW,NORMAL,LOW
23.293271835007154,55.6664462111646,2.992324742340978,17.638632486940534,LOW,NORMAL,LOW
24.741705135009493,47.89123901138863,6.36764405394954,19.179297450884782,LOW,NORMAL,LOW
16.03833262177031,51.64786782754924,3.518209912066866,19.32120580450809,LOW,NORMAL,LOW
14.483853714238563,52.12718762257263,3.0843536012989996,18.972636734097886,LOW,NORMAL,LOW
29.050256990064486,52.4697955917743,8.687543238311841,20.02531894996247,LOW,NORMAL,LOW
24.845043863481976,48.50285243696865,2.4397201187620103,20.86971004732611,LOW,NORMAL,LOW
19.976368886463263,50.8429723556952,4.852135589131963,20.652740487221187,LOW,NORMAL,LOW
32.02317908264014,48.81789475848959,4.91750311219019,22.44594009759827,MODERATE,NORMAL,LOW
25.407252061726794,49.208014354037374,4.348272366985533,23.073500375903134,LOW,NORMAL,LOW
31.299208242011517,45.83589709584554,7.7518180891267905,24.11584724324137,MODERATE,NORMAL,LOW
26.32607349461627,49.000751605040854,4.964582536771688,24.419127409202282,LOW,NORMAL,LOW
36.88941667439906,48.99854108097955,6.610004659259125,25.633898563141237,MODERATE,NORMAL,LOW
35.970526947433335,42.92782236490849,7.540593716734604,27.62711799570754,MODERATE,NORMAL,LOW
26.567600989168472,48.757008775148506,3.2552346892895,28.83549272320053,LOW,NORMAL,LOW
33.29882384937932,44.57493159283765,3.316404242728885,29.260349409132015,MODERATE,NORMAL,LOW
32.30583150728976,50.50868200995209,2.7562563380513967,30.006428173512795,MODERATE,NORMAL,LOW
36.569006746747476,41.288187598961805,1.552637833260118,31.665691959541213,MODERATE,NORMAL,LOW
25.55651534744821,46.93410562132318,7.945891561997875,31.019025586022018,LOW,NORMAL,LOW
34.47452524407148,47.51300431417569,2.9647620551673555,31.92575290425649,MODERATE,NORMAL,LOW
37.006835976416156,50.44486309359898,5.108518149290879,32.496515677696955,MODERATE,NORMAL,LOW
23.598224747201407,48.903193029980685,2.9861071123023697,32.22373080295547,LOW,NORMAL,LOW
27.159048506425364,46.54463929331406,4.688670671582005,31.250693986158097,LOW,NORMAL,LOW
23.56825146965861,54.75140834090712,5.166712145527384,30.010466438380625,LOW,NORMAL,LOW
33.11153940429911,42.37807344767649,6.687677887364357,30.664860279893684,MODERATE,NORMAL,LOW
38.74496937925099,38.717339785327006,4.6455905297497715,31.209474832880858,MODERATE,MODERATE,LOW
43.3716808742724,45.4771231315919,6.171508703568037,32.31605976957912,MODERATE,NORMAL,LOW
36.93638647655845,44.25974070780255,6.105617872460367,32.35279774256022,MODERATE,NORMAL,LOW
45.41781040895926,40.58184894636804,6.315289308976795,34.33892724871132,MODERATE,NORMAL,LOW
31.085270053350445,49.35375182856045,7.877481660042552,34.000001729639216,MODERATE,NORMAL,LOW
30.181553962511924,48.18601365068562,5.509182997653291,33.3174735282488,MODERATE,NORMAL,LOW
39.1344788839967,43.52414438679064,7.339927404699139,34.871098941928324,MODERATE,NORMAL,LOW
42.046775632276514,40.64739289591819,7.632778882176303,36.35987165451344,MODERATE,NORMAL,LOW
40.67710244005795,47.448096374825944,8.448513080979343,38.070756751553375,MODERATE,NORMAL,LOW
31.216807335318265,49.14640170004642,5.044564217705153,37.88128354465529,MODERATE,NORMAL,LOW
41.82059079325078,44.24732471034916,3.679424723075924,38.188845686055274,MODERATE,NORMAL,LOW
36.45416681760193,51.42636928374252,6.267500926145573,37.497094280388225,MODERATE,NORMAL,LOW
47.03277075126813,40.031553013204515,5.752201825106562,38.506732707859186,MODERATE,NORMAL,LOW
46.22228544918663,38.86785312492913,5.876109453878481,38.58718021188192,MODERATE,MODERATE,LOW
40.39119864507019,42.826476129088725,7.231407834270715,39.517773071053895,MODERATE,NORMAL,LOW
43.218411040855,44.05863919071975,8.959327798995522,40.821458778888214,MODERATE,NORMAL,LOW
41.18410170001579,45.43399292296413,6.220158408474491,41.026421060490115,MODERATE,NORMAL,LOW
46.85390793073625,42.56281484374695,7.645752214808365,41.50713429033609,MODERATE,NORMAL,LOW
52.62429866532439,42.9000915232118,11.298074689069134,42.70185391286274,HIGH,NORMAL,MODERATE
43.59483390284852,40.34667325171654,7.020731444404414,43.939656569615764,MODERATE,NORMAL,LOW
51.71161632723345,46.40338973041141,12.960108677445806,44.928759123014025,HIGH,NORMAL,MODERATE
47.20051261289801,42.95341831159779,8.211096183197789,46.00339370254364,MODERATE,NORMAL,LOW
46.5398117593543,46.71693455492581,3.459446245591509,45.954097803352255,MODERATE,NORMAL,LOW
50.61282508261918,43.37496976847832,9.098607004601941,46.39315176669551,HIGH,NORMAL,LOW
46.60646646178657,44.71864304201471,7.75328673903354,47.014678548367144,MODERATE,NORMAL,LOW
49.639514880228404,44.29942312063951,10.02543274019975,47.65678893230449,MODERATE,NORMAL,MODERATE
47.03332718129316,44.58479388472866,8.40136177973389,48.24171148043222,MODERATE,NORMAL,LOW
63.450667480158366,41.06550140956304,9.240688154056206,49.90138743537443,HIGH,NORMAL,LOW
54.396561387728234,45.38831724346523,5.710887735580503,50.07861370761482,HIGH,NORMAL,LOW
51.30321032771765,42.763760927175,7.277435034585597,50.84945135010173,HIGH,NORMAL,LOW
56.441249350168924,43.0166989352233,6.765146494106739,51.322414652395274,HIGH,NORMAL,LOW
55.366674289795725,40.889124344689385,7.143954243859913,52.139030820085054,HIGH,NORMAL,LOW
55.36742946110401,45.47849428107242,9.482271228006821,53.02179259026002,HIGH,NORMAL,LOW
60.07362803711879,37.95241608454249,12.350853214270629,53.96787288570998,HIGH,MODERATE,MODERATE
61.306971277175286,45.07607847943863,9.985388751222255,55.43792336724886,HIGH,NORMAL,LOW
55.36926457405692,41.03721000455274,5.913623562038168,56.010898336631705,HIGH,NORMAL,LOW
55.63030604558781,36.8000981822489,9.233751243278451,56.870596223061185,HIGH,MODERATE,LOW
57.6066570155584,40.98264899084277,11.03426152562506,56.286195176601176,HIGH,NORMAL,MODERATE
47.92933354300151,40.974511641824975,5.969834222811462,55.6394723921285,MODERATE,NORMAL,LOW
52.30414047857941,44.44589552732131,7.577586738441076,55.739565407214684,HIGH,NORMAL,LOW
67.13939600402313,36.25727906108705,10.100285790061863,56.80938007260009,HIGH,MODERATE,MODERATE
68.93821770875142,36.4268952731678,8.770936030148233,58.166534414495665,HIGH,MODERATE,LOW
59.85964568720869,34.366466385361235,10.275507720769022,58.61575603710613,HIGH,MODERATE,MODERATE
64.36183018669124,37.55262349557996,9.412378230788121,59.04457625206338,HIGH,MODERATE,LOW
63.391982908713835,31.880366292934674,10.347862324121131,59.25307741521724,HIGH,MODERATE,MODERATE
77.56899906795613,30.856041762553797,9.860365504589218,61.473050864607146,HIGH,MODERATE,LOW
68.09323199368691,40.25793597001116,9.339068198406217,62.71934345941706,HIGH,NORMAL,LOW
62.15816958204084,41.817858080442285,10.768488152961668,63.174494716065304,HIGH,NORMAL,MODERATE
58.303846291035406,41.70041111259604,7.999910639471776,64.21194599086871,HIGH,NORMAL,LOW
55.314267048678545,38.27050480844272,11.751067759768592,64.5129586478786,HIGH,MODERATE,MODERATE
64.60970991543874,38.70443845271438,8.892184116086607,64.25999003902018,HIGH,MODERATE,LOW
60.03727331062943,39.979874055070944,9.454960448098186,63.369895599207986,HIGH,MODERATE,LOW
56.914951008999324,37.29616818017254,10.402424315096077,63.07542613138704,HIGH,MODERATE,MODERATE
60.98093574945488,44.26496096793773,6.310408896552167,62.7373366876634,HIGH,NORMAL,LOW
58.973875743403354,42.88861793587617,5.324463737548951,62.29552597113235,HIGH,NORMAL,LOW
72.96523752177389,36.09579809806754,7.893472999125892,61.83514981651414,HIGH,MODERATE,LOW
69.06561897265215,37.814252773820556,12.885011052752185,61.93238851441066,HIGH,MODERATE,MODERATE
64.72532068578867,39.44381825239549,8.605081811083407,62.189103624785446,HIGH,MODERATE,LOW
72.25245318987501,30.811682097258377,15.954266549817756,63.58396431466939,HIGH,MODERATE,MODERATE
65.30683607191663,37.93175883445905,8.667530213472718,64.58322121699321,HIGH,MODERATE,LOW
60.6604940964402,37.78892373189655,9.468176720860104,64.18829963509334,HIGH,MODERATE,LOW
72.609076290082,33.842870897794754,13.975581348648053,65.44547993303861,HIGH,MODERATE,MODERATE
67.69414548957256,37.23316274894899,14.16630759975413,66.52339938109593,HIGH,MODERATE,MODERATE
59.79909742230831,45.44328522497149,13.09287176661904,66.40521554838128,HIGH,NORMAL,MODERATE
63.998972927490996,40.92278535192828,12.016578400309934,66.90772526679004,HIGH,NORMAL,MODERATE
60.51754666961506,38.157076363247846,11.125757052065184,65.66295618157416,HIGH,MODERATE,MODERATE
57.90628931308018,42.24117601579843,9.870997295364392,64.54702321561696,HIGH,NORMAL,LOW
